[
  {
    "id": 1,
    "인기상품": true,
    "신상품": true,
    "리뷰수": 120,
    "찜여부": true,
    "제품명": "어린이 스마트폰 A",
    "가격": 599000,
    "이미지": "https://picsum.photos/200/300?random=1"
  },
  {
    "id": 2,
    "인기상품": false,
    "신상품": true,
    "리뷰수": 45,
    "찜여부": false,
    "제품명": "어린이 노트북 B",
    "가격": 1299000,
    "이미지": "https://picsum.photos/200/300?random=2"
  },
  {
    "id": 3,
    "인기상품": true,
    "신상품": false,
    "리뷰수": 80,
    "찜여부": true,
    "제품명": "어린이 이어폰 C",
    "가격": 89000,
    "이미지": "https://picsum.photos/200/300?random=3"
  },
  {
    "id": 4,
    "인기상품": false,
    "신상품": false,
    "리뷰수": 30,
    "찜여부": false,
    "제품명": "어린이 키보드 D",
    "가격": 59900,
    "이미지": "https://picsum.photos/200/300?random=4"
  },
  {
    "id": 5,
    "인기상품": true,
    "신상품": true,
    "리뷰수": 150,
    "찜여부": true,
    "제품명": "어린이 카메라 E",
    "가격": 799000,
    "이미지": "https://picsum.photos/200/300?random=5"
  },
  {
    "id": 6,
    "인기상품": false,
    "신상품": true,
    "리뷰수": 55,
    "찜여부": false,
    "제품명": "어린이 스마트워치 F",
    "가격": 349000,
    "이미지": "https://picsum.photos/200/300?random=6"
  },
  {
    "id": 7,
    "인기상품": true,
    "신상품": false,
    "리뷰수": 95,
    "찜여부": true,
    "제품명": "어린이 헤드폰 G",
    "가격": 129000,
    "이미지": "https://picsum.photos/200/300?random=7"
  },
  {
    "id": 8,
    "인기상품": false,
    "신상품": false,
    "리뷰수": 40,
    "찜여부": false,
    "제품명": "어린이 마우스 H",
    "가격": 44900,
    "이미지": "https://picsum.photos/200/300?random=8"
  },
  {
    "id": 9,
    "인기상품": true,
    "신상품": true,
    "리뷰수": 180,
    "찜여부": true,
    "제품명": "어린이 노이즈캔슬링 이어폰 I",
    "가격": 159000,
    "이미지": "https://picsum.photos/200/300?random=9"
  },
  {
    "id": 10,
    "인기상품": false,
    "신상품": true,
    "리뷰수": 70,
    "찜여부": false,
    "제품명": "어린이 키보드 J",
    "가격": 69900,
    "이미지": "https://picsum.photos/200/300?random=10"
  },
  {
    "id": 11,
    "인기상품": true,
    "신상품": false,
    "리뷰수": 110,
    "찜여부": true,
    "제품명": "어린이 노트북 K",
    "가격": 1899000,
    "이미지": "https://picsum.photos/200/300?random=11"
  },
  {
    "id": 12,
    "인기상품": false,
    "신상품": false,
    "리뷰수": 25,
    "찜여부": false,
    "제품명": "어린이 마우스 L",
    "가격": 34900,
    "이미지": "https://picsum.photos/200/300?random=12"
  },
  {
    "id": 13,
    "인기상품": true,
    "신상품": true,
    "리뷰수": 130,
    "찜여부": true,
    "제품명": "어린이 스마트폰 M",
    "가격": 799000,
    "이미지": "https://picsum.photos/200/300?random=13"
  },
  {
    "id": 14,
    "인기상품": false,
    "신상품": true,
    "리뷰수": 60,
    "찜여부": false,
    "제품명": "어린이 이어폰 N",
    "가격": 99000,
    "이미지": "https://picsum.photos/200/300?random=14"
  },
  {
    "id": 15,
    "인기상품": true,
    "신상품": false,
    "리뷰수": 100,
    "찜여부": true,
    "제품명": "어린이 키보드 O",
    "가격": 54900,
    "이미지": "https://picsum.photos/200/300?random=15"
  },
  {
    "id": 16,
    "인기상품": false,
    "신상품": false,
    "리뷰수": 35,
    "찜여부": false,
    "제품명": "어린이 카메라 P",
    "가격": 699000,
    "이미지": "https://picsum.photos/200/300?random=16"
  },
  {
    "id": 17,
    "인기상품": true,
    "신상품": true,
    "리뷰수": 160,
    "찜여부": true,
    "제품명": "어린이 스마트워치 Q",
    "가격": 279000,
    "이미지": "https://picsum.photos/200/300?random=17"
  },
  {
    "id": 18,
    "인기상품": false,
    "신상품": true,
    "리뷰수": 50,
    "찜여부": false,
    "제품명": "어린이 헤드폰 R",
    "가격": 109000,
    "이미지": "https://picsum.photos/200/300?random=18"
  },
  {
    "id": 19,
    "인기상품": true,
    "신상품": false,
    "리뷰수": 90,
    "찜여부": true,
    "제품명": "어린이 노이즈캔슬링 이어폰 S",
    "가격": 179000,
    "이미지": "https://picsum.photos/200/300?random=19"
  },
  {
    "id": 20,
    "인기상품": false,
    "신상품": false,
    "리뷰수": 45,
    "찜여부": false,
    "제품명": "어린이 키보드 T",
    "가격": 79900,
    "이미지": "https://picsum.photos/200/300?random=20"
  },
  {
    "id": 21,
    "인기상품": true,
    "신상품": true,
    "리뷰수": 110,
    "찜여부": true,
    "제품명": "어린이 스마트폰 U",
    "가격": 499000,
    "이미지": "https://picsum.photos/200/300?random=21"
  },
  {
    "id": 22,
    "인기상품": false,
    "신상품": true,
    "리뷰수": 75,
    "찜여부": false,
    "제품명": "어린이 노트북 V",
    "가격": 1499000,
    "이미지": "https://picsum.photos/200/300?random=22"
  },
  {
    "id": 23,
    "인기상품": true,
    "신상품": false,
    "리뷰수": 140,
    "찜여부": true,
    "제품명": "어린이 이어폰 W",
    "가격": 69000,
    "이미지": "https://picsum.photos/200/300?random=23"
  },
  {
    "id": 24,
    "인기상품": false,
    "신상품": false,
    "리뷰수": 60,
    "찜여부": false,
    "제품명": "어린이 마우스 X",
    "가격": 54900,
    "이미지": "https://picsum.photos/200/300?random=24"
  }
]
